{
  "implementation": "PyTorch CUDA full-corpus HE arithmetic ranking validator",
  "device": "cuda:1",
  "torch_version": "2.9.1+cu128",
  "gpu_name": "NVIDIA GeForce RTX 4090",
  "vectors": 1000000,
  "vectors_per_group": 4096,
  "groups": 245,
  "embedding_dim": 768,
  "queries": 1,
  "top_k": 10,
  "modulus_q": 2251799813554177,
  "embedding_bits": 8,
  "query_bits": 16,
  "runtime_seconds": 0.22922635078430176,
  "vectors_per_second_per_query": 4362500.1950189555,
  "he_recall@1": 1.0,
  "he_recall@10": 1.0,
  "he_mrr@10": 1.0,
  "paper_metric": "MRR@10",
  "paper_mrr@10": 1.0,
  "top10_exact_match_rate": 1.0,
  "cpu_crosscheck": true,
  "per_query": [
    {
      "query_id": 0,
      "plain_top10_indices": [
        201576,
        907401,
        377725,
        232195,
        142701,
        388404,
        685174,
        750383,
        211424,
        148517
      ],
      "he_top10_indices": [
        201576,
        907401,
        377725,
        232195,
        142701,
        388404,
        685174,
        750383,
        211424,
        148517
      ],
      "plain_top10_scores": [
        179465911,
        177328650,
        176697294,
        176326884,
        174672005,
        173098535,
        171859959,
        168499416,
        166978005,
        165056410
      ],
      "he_top10_scores": [
        179465911,
        177328650,
        176697294,
        176326884,
        174672005,
        173098535,
        171859959,
        168499416,
        166978005,
        165056410
      ],
      "plain_top1_he_rank": 1,
      "reciprocal_rank@10": 1.0,
      "top10_exact_match": true
    }
  ],
  "notes": [
    "Synthetic signed fixed-point embeddings are generated deterministically per group.",
    "HE scores use the same 51-bit modular const x ctxt arithmetic and are decoded to signed scores.",
    "This is a full-corpus arithmetic/ranking validation, not a semantic relevance benchmark."
  ]
}
