{
  "fio version" : "fio-3.28",
  "timestamp" : 1780106137,
  "timestamp_ms" : 1780106137988,
  "time" : "Sat May 30 10:55:37 2026",
  "jobs" : [
    {
      "jobname" : "alloc_randread_4k_qd1",
      "groupid" : 0,
      "error" : 0,
      "eta" : 0,
      "elapsed" : 201,
      "job options" : {
        "name" : "alloc_randread_4k_qd1",
        "filename" : "/path/to/pm9a3-allocated-read-128g.bin",
        "direct" : "1",
        "ioengine" : "io_uring",
        "rw" : "randread",
        "bs" : "4K",
        "iodepth" : "1",
        "numjobs" : "1",
        "time_based" : "1",
        "runtime" : "180",
        "ramp_time" : "20"
      },
      "read" : {
        "io_bytes" : 8645701632,
        "io_kbytes" : 8443068,
        "bw_bytes" : 48031408,
        "bw" : 46905,
        "iops" : 11726.418187,
        "runtime" : 180001,
        "total_ios" : 2110767,
        "short_ios" : 0,
        "drop_ios" : 0,
        "slat_ns" : {
          "min" : 4127,
          "max" : 179254,
          "mean" : 5422.345401,
          "stddev" : 3105.245636,
          "N" : 2110767
        },
        "clat_ns" : {
          "min" : 497,
          "max" : 283481,
          "mean" : 78037.100906,
          "stddev" : 15099.740254,
          "N" : 2110767,
          "percentile" : {
            "1.000000" : 68096,
            "5.000000" : 68096,
            "10.000000" : 68096,
            "20.000000" : 69120,
            "30.000000" : 69120,
            "40.000000" : 73216,
            "50.000000" : 74240,
            "60.000000" : 74240,
            "70.000000" : 85504,
            "80.000000" : 86528,
            "90.000000" : 86528,
            "95.000000" : 86528,
            "99.000000" : 175104,
            "99.500000" : 179200,
            "99.900000" : 199680,
            "99.950000" : 205824,
            "99.990000" : 214016
          }
        },
        "lat_ns" : {
          "min" : 28248,
          "max" : 295407,
          "mean" : 83740.585396,
          "stddev" : 17349.503146,
          "N" : 2110767
        },
        "bw_min" : 46072,
        "bw_max" : 47720,
        "bw_agg" : 100.000000,
        "bw_mean" : 46937.977716,
        "bw_dev" : 319.668910,
        "bw_samples" : 359,
        "iops_min" : 11518,
        "iops_max" : 11932,
        "iops_mean" : 11734.389972,
        "iops_stddev" : 79.911288,
        "iops_samples" : 359
      },
      "write" : {
        "io_bytes" : 0,
        "io_kbytes" : 0,
        "bw_bytes" : 0,
        "bw" : 0,
        "iops" : 0.000000,
        "runtime" : 0,
        "total_ios" : 0,
        "short_ios" : 0,
        "drop_ios" : 0,
        "slat_ns" : {
          "min" : 0,
          "max" : 0,
          "mean" : 0.000000,
          "stddev" : 0.000000,
          "N" : 0
        },
        "clat_ns" : {
          "min" : 0,
          "max" : 0,
          "mean" : 0.000000,
          "stddev" : 0.000000,
          "N" : 0
        },
        "lat_ns" : {
          "min" : 0,
          "max" : 0,
          "mean" : 0.000000,
          "stddev" : 0.000000,
          "N" : 0
        },
        "bw_min" : 0,
        "bw_max" : 0,
        "bw_agg" : 0.000000,
        "bw_mean" : 0.000000,
        "bw_dev" : 0.000000,
        "bw_samples" : 0,
        "iops_min" : 0,
        "iops_max" : 0,
        "iops_mean" : 0.000000,
        "iops_stddev" : 0.000000,
        "iops_samples" : 0
      },
      "trim" : {
        "io_bytes" : 0,
        "io_kbytes" : 0,
        "bw_bytes" : 0,
        "bw" : 0,
        "iops" : 0.000000,
        "runtime" : 0,
        "total_ios" : 0,
        "short_ios" : 0,
        "drop_ios" : 0,
        "slat_ns" : {
          "min" : 0,
          "max" : 0,
          "mean" : 0.000000,
          "stddev" : 0.000000,
          "N" : 0
        },
        "clat_ns" : {
          "min" : 0,
          "max" : 0,
          "mean" : 0.000000,
          "stddev" : 0.000000,
          "N" : 0
        },
        "lat_ns" : {
          "min" : 0,
          "max" : 0,
          "mean" : 0.000000,
          "stddev" : 0.000000,
          "N" : 0
        },
        "bw_min" : 0,
        "bw_max" : 0,
        "bw_agg" : 0.000000,
        "bw_mean" : 0.000000,
        "bw_dev" : 0.000000,
        "bw_samples" : 0,
        "iops_min" : 0,
        "iops_max" : 0,
        "iops_mean" : 0.000000,
        "iops_stddev" : 0.000000,
        "iops_samples" : 0
      },
      "sync" : {
        "total_ios" : 0,
        "lat_ns" : {
          "min" : 0,
          "max" : 0,
          "mean" : 0.000000,
          "stddev" : 0.000000,
          "N" : 0
        }
      },
      "job_runtime" : 180000,
      "usr_cpu" : 5.088333,
      "sys_cpu" : 11.246111,
      "ctx" : 2110780,
      "majf" : 0,
      "minf" : 63,
      "iodepth_level" : {
        "1" : 100.000000,
        "2" : 0.000000,
        "4" : 0.000000,
        "8" : 0.000000,
        "16" : 0.000000,
        "32" : 0.000000,
        ">=64" : 0.000000
      },
      "iodepth_submit" : {
        "0" : 0.000000,
        "4" : 100.000000,
        "8" : 0.000000,
        "16" : 0.000000,
        "32" : 0.000000,
        "64" : 0.000000,
        ">=64" : 0.000000
      },
      "iodepth_complete" : {
        "0" : 0.000000,
        "4" : 100.000000,
        "8" : 0.000000,
        "16" : 0.000000,
        "32" : 0.000000,
        "64" : 0.000000,
        ">=64" : 0.000000
      },
      "latency_ns" : {
        "2" : 0.000000,
        "4" : 0.000000,
        "10" : 0.000000,
        "20" : 0.000000,
        "50" : 0.000000,
        "100" : 0.000000,
        "250" : 0.000000,
        "500" : 0.010000,
        "750" : 0.010000,
        "1000" : 0.000000
      },
      "latency_us" : {
        "2" : 0.000000,
        "4" : 0.000000,
        "10" : 0.000000,
        "20" : 0.000000,
        "50" : 0.010000,
        "100" : 98.359222,
        "250" : 1.638883,
        "500" : 0.010000,
        "750" : 0.000000,
        "1000" : 0.000000
      },
      "latency_ms" : {
        "2" : 0.000000,
        "4" : 0.000000,
        "10" : 0.000000,
        "20" : 0.000000,
        "50" : 0.000000,
        "100" : 0.000000,
        "250" : 0.000000,
        "500" : 0.000000,
        "750" : 0.000000,
        "1000" : 0.000000,
        "2000" : 0.000000,
        ">=2000" : 0.000000
      },
      "latency_depth" : 1,
      "latency_target" : 0,
      "latency_percentile" : 100.000000,
      "latency_window" : 0
    }
  ],
  "disk_util" : [
    {
      "name" : "nvme0n1",
      "read_ios" : 2341941,
      "write_ios" : 12,
      "read_merges" : 0,
      "write_merges" : 9,
      "read_ticks" : 170577,
      "write_ticks" : 1,
      "in_queue" : 170578,
      "util" : 100.000000
    }
  ]
}
