{
  "fio version" : "fio-3.28",
  "timestamp" : 1780106538,
  "timestamp_ms" : 1780106538608,
  "time" : "Sat May 30 11:02:18 2026",
  "jobs" : [
    {
      "jobname" : "alloc_randread_4k_qd32_nj4",
      "groupid" : 0,
      "error" : 0,
      "eta" : 0,
      "elapsed" : 201,
      "job options" : {
        "name" : "alloc_randread_4k_qd32_nj4",
        "filename" : "/path/to/pm9a3-allocated-read-128g.bin",
        "direct" : "1",
        "ioengine" : "io_uring",
        "rw" : "randread",
        "bs" : "4K",
        "iodepth" : "32",
        "numjobs" : "4",
        "time_based" : "1",
        "runtime" : "180",
        "ramp_time" : "20"
      },
      "read" : {
        "io_bytes" : 681926754304,
        "io_kbytes" : 665944096,
        "bw_bytes" : 3788460921,
        "bw" : 3699668,
        "iops" : 924916.522686,
        "runtime" : 180001,
        "total_ios" : 166485899,
        "short_ios" : 0,
        "drop_ios" : 0,
        "slat_ns" : {
          "min" : 897,
          "max" : 151370,
          "mean" : 2104.414542,
          "stddev" : 793.323005,
          "N" : 166485900
        },
        "clat_ns" : {
          "min" : 10322,
          "max" : 1340470,
          "mean" : 135732.985141,
          "stddev" : 62898.834399,
          "N" : 166486023,
          "percentile" : {
            "1.000000" : 73216,
            "5.000000" : 79360,
            "10.000000" : 84480,
            "20.000000" : 91648,
            "30.000000" : 97792,
            "40.000000" : 103936,
            "50.000000" : 113152,
            "60.000000" : 126464,
            "70.000000" : 146432,
            "80.000000" : 171008,
            "90.000000" : 216064,
            "95.000000" : 261120,
            "99.000000" : 370688,
            "99.500000" : 419840,
            "99.900000" : 544768,
            "99.950000" : 593920,
            "99.990000" : 716800
          }
        },
        "lat_ns" : {
          "min" : 12036,
          "max" : 1341921,
          "mean" : 137936.922507,
          "stddev" : 62897.649973,
          "N" : 166486023
        },
        "bw_min" : 3571792,
        "bw_max" : 3739314,
        "bw_agg" : 100.000000,
        "bw_mean" : 3702243.910399,
        "bw_dev" : 3218.745632,
        "bw_samples" : 1438,
        "iops_min" : 892948,
        "iops_max" : 934828,
        "iops_mean" : 925560.446201,
        "iops_stddev" : 804.683403,
        "iops_samples" : 1438
      },
      "write" : {
        "io_bytes" : 0,
        "io_kbytes" : 0,
        "bw_bytes" : 0,
        "bw" : 0,
        "iops" : 0.000000,
        "runtime" : 0,
        "total_ios" : 0,
        "short_ios" : 0,
        "drop_ios" : 0,
        "slat_ns" : {
          "min" : 0,
          "max" : 0,
          "mean" : 0.000000,
          "stddev" : 0.000000,
          "N" : 0
        },
        "clat_ns" : {
          "min" : 0,
          "max" : 0,
          "mean" : 0.000000,
          "stddev" : 0.000000,
          "N" : 0
        },
        "lat_ns" : {
          "min" : 0,
          "max" : 0,
          "mean" : 0.000000,
          "stddev" : 0.000000,
          "N" : 0
        },
        "bw_min" : 0,
        "bw_max" : 0,
        "bw_agg" : 0.000000,
        "bw_mean" : 0.000000,
        "bw_dev" : 0.000000,
        "bw_samples" : 0,
        "iops_min" : 0,
        "iops_max" : 0,
        "iops_mean" : 0.000000,
        "iops_stddev" : 0.000000,
        "iops_samples" : 0
      },
      "trim" : {
        "io_bytes" : 0,
        "io_kbytes" : 0,
        "bw_bytes" : 0,
        "bw" : 0,
        "iops" : 0.000000,
        "runtime" : 0,
        "total_ios" : 0,
        "short_ios" : 0,
        "drop_ios" : 0,
        "slat_ns" : {
          "min" : 0,
          "max" : 0,
          "mean" : 0.000000,
          "stddev" : 0.000000,
          "N" : 0
        },
        "clat_ns" : {
          "min" : 0,
          "max" : 0,
          "mean" : 0.000000,
          "stddev" : 0.000000,
          "N" : 0
        },
        "lat_ns" : {
          "min" : 0,
          "max" : 0,
          "mean" : 0.000000,
          "stddev" : 0.000000,
          "N" : 0
        },
        "bw_min" : 0,
        "bw_max" : 0,
        "bw_agg" : 0.000000,
        "bw_mean" : 0.000000,
        "bw_dev" : 0.000000,
        "bw_samples" : 0,
        "iops_min" : 0,
        "iops_max" : 0,
        "iops_mean" : 0.000000,
        "iops_stddev" : 0.000000,
        "iops_samples" : 0
      },
      "sync" : {
        "total_ios" : 0,
        "lat_ns" : {
          "min" : 0,
          "max" : 0,
          "mean" : 0.000000,
          "stddev" : 0.000000,
          "N" : 0
        }
      },
      "job_runtime" : 720000,
      "usr_cpu" : 17.621667,
      "sys_cpu" : 57.375556,
      "ctx" : 34320899,
      "majf" : 0,
      "minf" : 289,
      "iodepth_level" : {
        "1" : 0.000000,
        "2" : 0.000000,
        "4" : 0.000000,
        "8" : 0.000000,
        "16" : 0.000000,
        "32" : 100.000000,
        ">=64" : 0.000000
      },
      "iodepth_submit" : {
        "0" : 0.000000,
        "4" : 100.000000,
        "8" : 0.000000,
        "16" : 0.000000,
        "32" : 0.000000,
        "64" : 0.000000,
        ">=64" : 0.000000
      },
      "iodepth_complete" : {
        "0" : 0.000000,
        "4" : 99.999998,
        "8" : 0.000000,
        "16" : 0.000000,
        "32" : 0.100000,
        "64" : 0.000000,
        ">=64" : 0.000000
      },
      "latency_ns" : {
        "2" : 0.000000,
        "4" : 0.000000,
        "10" : 0.000000,
        "20" : 0.000000,
        "50" : 0.000000,
        "100" : 0.000000,
        "250" : 0.000000,
        "500" : 0.000000,
        "750" : 0.000000,
        "1000" : 0.000000
      },
      "latency_us" : {
        "2" : 0.000000,
        "4" : 0.000000,
        "10" : 0.000000,
        "20" : 0.010000,
        "50" : 0.010000,
        "100" : 33.712426,
        "250" : 60.440479,
        "500" : 5.672888,
        "750" : 0.166308,
        "1000" : 0.010000
      },
      "latency_ms" : {
        "2" : 0.010000,
        "4" : 0.000000,
        "10" : 0.000000,
        "20" : 0.000000,
        "50" : 0.000000,
        "100" : 0.000000,
        "250" : 0.000000,
        "500" : 0.000000,
        "750" : 0.000000,
        "1000" : 0.000000,
        "2000" : 0.000000,
        ">=2000" : 0.000000
      },
      "latency_depth" : 32,
      "latency_target" : 0,
      "latency_percentile" : 100.000000,
      "latency_window" : 0
    }
  ],
  "disk_util" : [
    {
      "name" : "nvme0n1",
      "read_ios" : 184960778,
      "write_ios" : 12,
      "read_merges" : 0,
      "write_merges" : 8,
      "read_ticks" : 24208481,
      "write_ticks" : 0,
      "in_queue" : 24208481,
      "util" : 100.000000
    }
  ]
}
