{
  "fio version" : "fio-3.28",
  "timestamp" : 1780106738,
  "timestamp_ms" : 1780106738919,
  "time" : "Sat May 30 11:05:38 2026",
  "jobs" : [
    {
      "jobname" : "alloc_seqread_1m_qd32",
      "groupid" : 0,
      "error" : 0,
      "eta" : 0,
      "elapsed" : 201,
      "job options" : {
        "name" : "alloc_seqread_1m_qd32",
        "filename" : "/path/to/pm9a3-allocated-read-128g.bin",
        "direct" : "1",
        "ioengine" : "io_uring",
        "rw" : "read",
        "bs" : "1M",
        "iodepth" : "32",
        "numjobs" : "1",
        "time_based" : "1",
        "runtime" : "180",
        "ramp_time" : "20"
      },
      "read" : {
        "io_bytes" : 1212244033536,
        "io_kbytes" : 1183832064,
        "bw_bytes" : 6734464593,
        "bw" : 6576625,
        "iops" : 6422.313701,
        "runtime" : 180006,
        "total_ios" : 1156055,
        "short_ios" : 0,
        "drop_ios" : 0,
        "slat_ns" : {
          "min" : 6430,
          "max" : 402759,
          "mean" : 32196.651711,
          "stddev" : 18502.528443,
          "N" : 1156055
        },
        "clat_ns" : {
          "min" : 4230113,
          "max" : 9677153,
          "mean" : 4946318.834907,
          "stddev" : 168380.469263,
          "N" : 1156086,
          "percentile" : {
            "1.000000" : 4620288,
            "5.000000" : 4685824,
            "10.000000" : 4685824,
            "20.000000" : 4816896,
            "30.000000" : 4882432,
            "40.000000" : 4882432,
            "50.000000" : 4947968,
            "60.000000" : 5013504,
            "70.000000" : 5013504,
            "80.000000" : 5079040,
            "90.000000" : 5144576,
            "95.000000" : 5210112,
            "99.000000" : 5341184,
            "99.500000" : 5406720,
            "99.900000" : 5603328,
            "99.950000" : 5668864,
            "99.990000" : 7766016
          }
        },
        "lat_ns" : {
          "min" : 4315348,
          "max" : 9696383,
          "mean" : 4979050.518837,
          "stddev" : 159780.730756,
          "N" : 1156086
        },
        "bw_min" : 6440960,
        "bw_max" : 6599567,
        "bw_agg" : 100.000000,
        "bw_mean" : 6580903.052778,
        "bw_dev" : 27250.305955,
        "bw_samples" : 360,
        "iops_min" : 6290,
        "iops_max" : 6444,
        "iops_mean" : 6426.388889,
        "iops_stddev" : 26.605210,
        "iops_samples" : 360
      },
      "write" : {
        "io_bytes" : 0,
        "io_kbytes" : 0,
        "bw_bytes" : 0,
        "bw" : 0,
        "iops" : 0.000000,
        "runtime" : 0,
        "total_ios" : 0,
        "short_ios" : 0,
        "drop_ios" : 0,
        "slat_ns" : {
          "min" : 0,
          "max" : 0,
          "mean" : 0.000000,
          "stddev" : 0.000000,
          "N" : 0
        },
        "clat_ns" : {
          "min" : 0,
          "max" : 0,
          "mean" : 0.000000,
          "stddev" : 0.000000,
          "N" : 0
        },
        "lat_ns" : {
          "min" : 0,
          "max" : 0,
          "mean" : 0.000000,
          "stddev" : 0.000000,
          "N" : 0
        },
        "bw_min" : 0,
        "bw_max" : 0,
        "bw_agg" : 0.000000,
        "bw_mean" : 0.000000,
        "bw_dev" : 0.000000,
        "bw_samples" : 0,
        "iops_min" : 0,
        "iops_max" : 0,
        "iops_mean" : 0.000000,
        "iops_stddev" : 0.000000,
        "iops_samples" : 0
      },
      "trim" : {
        "io_bytes" : 0,
        "io_kbytes" : 0,
        "bw_bytes" : 0,
        "bw" : 0,
        "iops" : 0.000000,
        "runtime" : 0,
        "total_ios" : 0,
        "short_ios" : 0,
        "drop_ios" : 0,
        "slat_ns" : {
          "min" : 0,
          "max" : 0,
          "mean" : 0.000000,
          "stddev" : 0.000000,
          "N" : 0
        },
        "clat_ns" : {
          "min" : 0,
          "max" : 0,
          "mean" : 0.000000,
          "stddev" : 0.000000,
          "N" : 0
        },
        "lat_ns" : {
          "min" : 0,
          "max" : 0,
          "mean" : 0.000000,
          "stddev" : 0.000000,
          "N" : 0
        },
        "bw_min" : 0,
        "bw_max" : 0,
        "bw_agg" : 0.000000,
        "bw_mean" : 0.000000,
        "bw_dev" : 0.000000,
        "bw_samples" : 0,
        "iops_min" : 0,
        "iops_max" : 0,
        "iops_mean" : 0.000000,
        "iops_stddev" : 0.000000,
        "iops_samples" : 0
      },
      "sync" : {
        "total_ios" : 0,
        "lat_ns" : {
          "min" : 0,
          "max" : 0,
          "mean" : 0.000000,
          "stddev" : 0.000000,
          "N" : 0
        }
      },
      "job_runtime" : 180005,
      "usr_cpu" : 3.966001,
      "sys_cpu" : 32.052443,
      "ctx" : 672977,
      "majf" : 0,
      "minf" : 163,
      "iodepth_level" : {
        "1" : 0.000000,
        "2" : 0.000000,
        "4" : 0.000000,
        "8" : 0.000000,
        "16" : 0.000000,
        "32" : 100.000000,
        ">=64" : 0.000000
      },
      "iodepth_submit" : {
        "0" : 0.000000,
        "4" : 100.000000,
        "8" : 0.000000,
        "16" : 0.000000,
        "32" : 0.000000,
        "64" : 0.000000,
        ">=64" : 0.000000
      },
      "iodepth_complete" : {
        "0" : 0.000000,
        "4" : 99.999913,
        "8" : 0.000000,
        "16" : 0.000000,
        "32" : 0.100000,
        "64" : 0.000000,
        ">=64" : 0.000000
      },
      "latency_ns" : {
        "2" : 0.000000,
        "4" : 0.000000,
        "10" : 0.000000,
        "20" : 0.000000,
        "50" : 0.000000,
        "100" : 0.000000,
        "250" : 0.000000,
        "500" : 0.000000,
        "750" : 0.000000,
        "1000" : 0.000000
      },
      "latency_us" : {
        "2" : 0.000000,
        "4" : 0.000000,
        "10" : 0.000000,
        "20" : 0.000000,
        "50" : 0.000000,
        "100" : 0.000000,
        "250" : 0.000000,
        "500" : 0.000000,
        "750" : 0.000000,
        "1000" : 0.000000
      },
      "latency_ms" : {
        "2" : 0.000000,
        "4" : 0.000000,
        "10" : 100.002682,
        "20" : 0.000000,
        "50" : 0.000000,
        "100" : 0.000000,
        "250" : 0.000000,
        "500" : 0.000000,
        "750" : 0.000000,
        "1000" : 0.000000,
        "2000" : 0.000000,
        ">=2000" : 0.000000
      },
      "latency_depth" : 32,
      "latency_target" : 0,
      "latency_percentile" : 100.000000,
      "latency_window" : 0
    }
  ],
  "disk_util" : [
    {
      "name" : "nvme0n1",
      "read_ios" : 1324639,
      "write_ios" : 12,
      "read_merges" : 0,
      "write_merges" : 8,
      "read_ticks" : 6491473,
      "write_ticks" : 1,
      "in_queue" : 6491473,
      "util" : 100.000000
    }
  ]
}
