{
  "fio version" : "fio-3.28",
  "timestamp" : 1780106338,
  "timestamp_ms" : 1780106338296,
  "time" : "Sat May 30 10:58:58 2026",
  "jobs" : [
    {
      "jobname" : "alloc_randread_4k_qd32",
      "groupid" : 0,
      "error" : 0,
      "eta" : 0,
      "elapsed" : 201,
      "job options" : {
        "name" : "alloc_randread_4k_qd32",
        "filename" : "/path/to/pm9a3-allocated-read-128g.bin",
        "direct" : "1",
        "ioengine" : "io_uring",
        "rw" : "randread",
        "bs" : "4K",
        "iodepth" : "32",
        "numjobs" : "1",
        "time_based" : "1",
        "runtime" : "180",
        "ramp_time" : "20"
      },
      "read" : {
        "io_bytes" : 278545850368,
        "io_kbytes" : 272017432,
        "bw_bytes" : 1547468349,
        "bw" : 1511199,
        "iops" : 377799.712224,
        "runtime" : 180001,
        "total_ios" : 68004326,
        "short_ios" : 0,
        "drop_ios" : 0,
        "slat_ns" : {
          "min" : 947,
          "max" : 127243,
          "mean" : 1599.039034,
          "stddev" : 690.166373,
          "N" : 68004327
        },
        "clat_ns" : {
          "min" : 7384,
          "max" : 603660,
          "mean" : 82623.795246,
          "stddev" : 18885.086728,
          "N" : 68004357,
          "percentile" : {
            "1.000000" : 61696,
            "5.000000" : 64256,
            "10.000000" : 66048,
            "20.000000" : 69120,
            "30.000000" : 71168,
            "40.000000" : 74240,
            "50.000000" : 78336,
            "60.000000" : 82432,
            "70.000000" : 85504,
            "80.000000" : 89600,
            "90.000000" : 103936,
            "95.000000" : 123392,
            "99.000000" : 154624,
            "99.500000" : 168960,
            "99.900000" : 203776,
            "99.950000" : 220160,
            "99.990000" : 264192
          }
        },
        "lat_ns" : {
          "min" : 9234,
          "max" : 604757,
          "mean" : 84319.401460,
          "stddev" : 18873.467500,
          "N" : 68004357
        },
        "bw_min" : 1459446,
        "bw_max" : 1516808,
        "bw_agg" : 100.000000,
        "bw_mean" : 1512149.139276,
        "bw_dev" : 5516.777601,
        "bw_samples" : 359,
        "iops_min" : 364863,
        "iops_max" : 379202,
        "iops_mean" : 378037.270195,
        "iops_stddev" : 1379.196907,
        "iops_samples" : 359
      },
      "write" : {
        "io_bytes" : 0,
        "io_kbytes" : 0,
        "bw_bytes" : 0,
        "bw" : 0,
        "iops" : 0.000000,
        "runtime" : 0,
        "total_ios" : 0,
        "short_ios" : 0,
        "drop_ios" : 0,
        "slat_ns" : {
          "min" : 0,
          "max" : 0,
          "mean" : 0.000000,
          "stddev" : 0.000000,
          "N" : 0
        },
        "clat_ns" : {
          "min" : 0,
          "max" : 0,
          "mean" : 0.000000,
          "stddev" : 0.000000,
          "N" : 0
        },
        "lat_ns" : {
          "min" : 0,
          "max" : 0,
          "mean" : 0.000000,
          "stddev" : 0.000000,
          "N" : 0
        },
        "bw_min" : 0,
        "bw_max" : 0,
        "bw_agg" : 0.000000,
        "bw_mean" : 0.000000,
        "bw_dev" : 0.000000,
        "bw_samples" : 0,
        "iops_min" : 0,
        "iops_max" : 0,
        "iops_mean" : 0.000000,
        "iops_stddev" : 0.000000,
        "iops_samples" : 0
      },
      "trim" : {
        "io_bytes" : 0,
        "io_kbytes" : 0,
        "bw_bytes" : 0,
        "bw" : 0,
        "iops" : 0.000000,
        "runtime" : 0,
        "total_ios" : 0,
        "short_ios" : 0,
        "drop_ios" : 0,
        "slat_ns" : {
          "min" : 0,
          "max" : 0,
          "mean" : 0.000000,
          "stddev" : 0.000000,
          "N" : 0
        },
        "clat_ns" : {
          "min" : 0,
          "max" : 0,
          "mean" : 0.000000,
          "stddev" : 0.000000,
          "N" : 0
        },
        "lat_ns" : {
          "min" : 0,
          "max" : 0,
          "mean" : 0.000000,
          "stddev" : 0.000000,
          "N" : 0
        },
        "bw_min" : 0,
        "bw_max" : 0,
        "bw_agg" : 0.000000,
        "bw_mean" : 0.000000,
        "bw_dev" : 0.000000,
        "bw_samples" : 0,
        "iops_min" : 0,
        "iops_max" : 0,
        "iops_mean" : 0.000000,
        "iops_stddev" : 0.000000,
        "iops_samples" : 0
      },
      "sync" : {
        "total_ios" : 0,
        "lat_ns" : {
          "min" : 0,
          "max" : 0,
          "mean" : 0.000000,
          "stddev" : 0.000000,
          "N" : 0
        }
      },
      "job_runtime" : 180000,
      "usr_cpu" : 21.478333,
      "sys_cpu" : 67.538889,
      "ctx" : 6217737,
      "majf" : 0,
      "minf" : 66,
      "iodepth_level" : {
        "1" : 0.000000,
        "2" : 0.000000,
        "4" : 0.000000,
        "8" : 0.000000,
        "16" : 0.000000,
        "32" : 100.000000,
        ">=64" : 0.000000
      },
      "iodepth_submit" : {
        "0" : 0.000000,
        "4" : 100.000000,
        "8" : 0.000000,
        "16" : 0.000000,
        "32" : 0.000000,
        "64" : 0.000000,
        ">=64" : 0.000000
      },
      "iodepth_complete" : {
        "0" : 0.000000,
        "4" : 99.999999,
        "8" : 0.000000,
        "16" : 0.000000,
        "32" : 0.100000,
        "64" : 0.000000,
        ">=64" : 0.000000
      },
      "latency_ns" : {
        "2" : 0.000000,
        "4" : 0.000000,
        "10" : 0.000000,
        "20" : 0.000000,
        "50" : 0.000000,
        "100" : 0.000000,
        "250" : 0.000000,
        "500" : 0.000000,
        "750" : 0.000000,
        "1000" : 0.000000
      },
      "latency_us" : {
        "2" : 0.000000,
        "4" : 0.000000,
        "10" : 0.010000,
        "20" : 0.010000,
        "50" : 0.010000,
        "100" : 88.559128,
        "250" : 11.423051,
        "500" : 0.016270,
        "750" : 0.010000,
        "1000" : 0.000000
      },
      "latency_ms" : {
        "2" : 0.000000,
        "4" : 0.000000,
        "10" : 0.000000,
        "20" : 0.000000,
        "50" : 0.000000,
        "100" : 0.000000,
        "250" : 0.000000,
        "500" : 0.000000,
        "750" : 0.000000,
        "1000" : 0.000000,
        "2000" : 0.000000,
        ">=2000" : 0.000000
      },
      "latency_depth" : 32,
      "latency_target" : 0,
      "latency_percentile" : 100.000000,
      "latency_window" : 0
    }
  ],
  "disk_util" : [
    {
      "name" : "nvme0n1",
      "read_ios" : 75320659,
      "write_ios" : 12,
      "read_merges" : 0,
      "write_merges" : 8,
      "read_ticks" : 5809611,
      "write_ticks" : 1,
      "in_queue" : 5809611,
      "util" : 100.000000
    }
  ]
}
