{
  "fio version" : "fio-3.28",
  "timestamp" : 1780105937,
  "timestamp_ms" : 1780105937658,
  "time" : "Sat May 30 10:52:17 2026",
  "jobs" : [
    {
      "jobname" : "prepare_allocated_file",
      "groupid" : 0,
      "error" : 0,
      "eta" : 0,
      "elapsed" : 34,
      "job options" : {
        "name" : "prepare_allocated_file",
        "filename" : "/path/to/pm9a3-allocated-read-128g.bin",
        "direct" : "1",
        "ioengine" : "io_uring",
        "rw" : "write",
        "bs" : "1M",
        "iodepth" : "32",
        "numjobs" : "1",
        "size" : "128G",
        "time_based" : "0"
      },
      "read" : {
        "io_bytes" : 0,
        "io_kbytes" : 0,
        "bw_bytes" : 0,
        "bw" : 0,
        "iops" : 0.000000,
        "runtime" : 0,
        "total_ios" : 0,
        "short_ios" : 0,
        "drop_ios" : 0,
        "slat_ns" : {
          "min" : 0,
          "max" : 0,
          "mean" : 0.000000,
          "stddev" : 0.000000,
          "N" : 0
        },
        "clat_ns" : {
          "min" : 0,
          "max" : 0,
          "mean" : 0.000000,
          "stddev" : 0.000000,
          "N" : 0
        },
        "lat_ns" : {
          "min" : 0,
          "max" : 0,
          "mean" : 0.000000,
          "stddev" : 0.000000,
          "N" : 0
        },
        "bw_min" : 0,
        "bw_max" : 0,
        "bw_agg" : 0.000000,
        "bw_mean" : 0.000000,
        "bw_dev" : 0.000000,
        "bw_samples" : 0,
        "iops_min" : 0,
        "iops_max" : 0,
        "iops_mean" : 0.000000,
        "iops_stddev" : 0.000000,
        "iops_samples" : 0
      },
      "write" : {
        "io_bytes" : 137438953472,
        "io_kbytes" : 134217728,
        "bw_bytes" : 4157761177,
        "bw" : 4060313,
        "iops" : 3965.150048,
        "runtime" : 33056,
        "total_ios" : 131072,
        "short_ios" : 0,
        "drop_ios" : 0,
        "slat_ns" : {
          "min" : 35243,
          "max" : 1785319,
          "mean" : 79647.173103,
          "stddev" : 22620.814985,
          "N" : 131072
        },
        "clat_ns" : {
          "min" : 1821365,
          "max" : 24404748,
          "mean" : 7986285.836472,
          "stddev" : 789493.122607,
          "N" : 131072,
          "percentile" : {
            "1.000000" : 7634944,
            "5.000000" : 7766016,
            "10.000000" : 7766016,
            "20.000000" : 7831552,
            "30.000000" : 7897088,
            "40.000000" : 7897088,
            "50.000000" : 7962624,
            "60.000000" : 7962624,
            "70.000000" : 7962624,
            "80.000000" : 8028160,
            "90.000000" : 8093696,
            "95.000000" : 8159232,
            "99.000000" : 8847360,
            "99.500000" : 10944512,
            "99.900000" : 22675456,
            "99.950000" : 23724032,
            "99.990000" : 24248320
          }
        },
        "lat_ns" : {
          "min" : 1895355,
          "max" : 24471841,
          "mean" : 8066488.419815,
          "stddev" : 788503.856242,
          "N" : 131072
        },
        "bw_min" : 3919872,
        "bw_max" : 4132864,
        "bw_agg" : 100.000000,
        "bw_mean" : 4064038.787879,
        "bw_dev" : 59979.460562,
        "bw_samples" : 66,
        "iops_min" : 3828,
        "iops_max" : 4036,
        "iops_mean" : 3968.787879,
        "iops_stddev" : 58.573692,
        "iops_samples" : 66
      },
      "trim" : {
        "io_bytes" : 0,
        "io_kbytes" : 0,
        "bw_bytes" : 0,
        "bw" : 0,
        "iops" : 0.000000,
        "runtime" : 0,
        "total_ios" : 0,
        "short_ios" : 0,
        "drop_ios" : 0,
        "slat_ns" : {
          "min" : 0,
          "max" : 0,
          "mean" : 0.000000,
          "stddev" : 0.000000,
          "N" : 0
        },
        "clat_ns" : {
          "min" : 0,
          "max" : 0,
          "mean" : 0.000000,
          "stddev" : 0.000000,
          "N" : 0
        },
        "lat_ns" : {
          "min" : 0,
          "max" : 0,
          "mean" : 0.000000,
          "stddev" : 0.000000,
          "N" : 0
        },
        "bw_min" : 0,
        "bw_max" : 0,
        "bw_agg" : 0.000000,
        "bw_mean" : 0.000000,
        "bw_dev" : 0.000000,
        "bw_samples" : 0,
        "iops_min" : 0,
        "iops_max" : 0,
        "iops_mean" : 0.000000,
        "iops_stddev" : 0.000000,
        "iops_samples" : 0
      },
      "sync" : {
        "total_ios" : 0,
        "lat_ns" : {
          "min" : 0,
          "max" : 0,
          "mean" : 0.000000,
          "stddev" : 0.000000,
          "N" : 0
        }
      },
      "job_runtime" : 33055,
      "usr_cpu" : 20.847073,
      "sys_cpu" : 13.495689,
      "ctx" : 132099,
      "majf" : 0,
      "minf" : 69,
      "iodepth_level" : {
        "1" : 0.100000,
        "2" : 0.100000,
        "4" : 0.100000,
        "8" : 0.100000,
        "16" : 0.100000,
        "32" : 99.976349,
        ">=64" : 0.000000
      },
      "iodepth_submit" : {
        "0" : 0.000000,
        "4" : 100.000000,
        "8" : 0.000000,
        "16" : 0.000000,
        "32" : 0.000000,
        "64" : 0.000000,
        ">=64" : 0.000000
      },
      "iodepth_complete" : {
        "0" : 0.000000,
        "4" : 99.999237,
        "8" : 0.000000,
        "16" : 0.000000,
        "32" : 0.100000,
        "64" : 0.000000,
        ">=64" : 0.000000
      },
      "latency_ns" : {
        "2" : 0.000000,
        "4" : 0.000000,
        "10" : 0.000000,
        "20" : 0.000000,
        "50" : 0.000000,
        "100" : 0.000000,
        "250" : 0.000000,
        "500" : 0.000000,
        "750" : 0.000000,
        "1000" : 0.000000
      },
      "latency_us" : {
        "2" : 0.000000,
        "4" : 0.000000,
        "10" : 0.000000,
        "20" : 0.000000,
        "50" : 0.000000,
        "100" : 0.000000,
        "250" : 0.000000,
        "500" : 0.000000,
        "750" : 0.000000,
        "1000" : 0.000000
      },
      "latency_ms" : {
        "2" : 0.010000,
        "4" : 0.093842,
        "10" : 99.359131,
        "20" : 0.364685,
        "50" : 0.180817,
        "100" : 0.000000,
        "250" : 0.000000,
        "500" : 0.000000,
        "750" : 0.000000,
        "1000" : 0.000000,
        "2000" : 0.000000,
        ">=2000" : 0.000000
      },
      "latency_depth" : 32,
      "latency_target" : 0,
      "latency_percentile" : 100.000000,
      "latency_window" : 0
    }
  ],
  "disk_util" : [
    {
      "name" : "nvme0n1",
      "read_ios" : 1,
      "write_ios" : 135637,
      "read_merges" : 0,
      "write_merges" : 2250,
      "read_ticks" : 0,
      "write_ticks" : 1084491,
      "in_queue" : 1084491,
      "util" : 99.730638
    }
  ]
}
